{
  "binary": {
    "accuracy": [
      0.9318640828132629,
      0.9339566826820374,
      0.9315784573554993,
      0.9360646605491638,
      0.936190128326416,
      0.9385403990745544
    ],
    "val_accuracy": [
      0.9305076599121094,
      0.9389092922210693,
      0.9389092922210693,
      0.9389092922210693,
      0.9389092922210693,
      0.9388582706451416
    ],
    "loss": [
      0.10506506264209747,
      0.099607914686203,
      0.10118654370307922,
      0.0973382219672203,
      0.09728924185037613,
      0.0953483060002327
    ],
    "val_loss": [
      0.10148311406373978,
      0.09712293744087219,
      0.09505390375852585,
      0.09499862790107727,
      0.09500572085380554,
      0.09708024561405182
    ]
  },
  "multiclass": {
    "accuracy": [
      0.7488222718238831,
      0.751253068447113,
      0.7567229270935059,
      0.7588171362876892,
      0.7594451308250427,
      0.7591053247451782
    ],
    "val_accuracy": [
      0.7357836961746216,
      0.757834255695343,
      0.7544423937797546,
      0.7606443762779236,
      0.7573953866958618,
      0.7618577480316162
    ],
    "loss": [
      0.4990304112434387,
      0.49417197704315186,
      0.47906631231307983,
      0.47485822439193726,
      0.47332870960235596,
      0.47624847292900085
    ],
    "val_loss": [
      0.5149993896484375,
      0.4732367694377899,
      0.48394712805747986,
      0.4662875831127167,
      0.47428494691848755,
      0.47048741579055786
    ]
  }
}