{
  "binary": {
    "accuracy": [
      0.9874836802482605,
      0.9992097616195679,
      0.9995353817939758,
      0.9994227886199951,
      0.998557448387146,
      0.9996165633201599,
      0.9998579621315002,
      0.999674379825592,
      0.9997910261154175,
      0.9996916055679321
    ],
    "val_accuracy": [
      0.9998650550842285,
      0.9999929070472717,
      0.9999929070472717,
      0.9999929070472717,
      0.9999929070472717,
      0.9999929070472717,
      0.9999929070472717,
      0.9999929070472717,
      0.9993443489074707,
      0.9999929070472717
    ],
    "loss": [
      0.0371367484331131,
      0.00410339655354619,
      0.002500789472833276,
      0.00329042156226933,
      0.006916983053088188,
      0.002687380649149418,
      0.0008056797669269145,
      0.0023000764194875956,
      0.0014905522111803293,
      0.0021018676925450563
    ],
    "val_loss": [
      0.0009961372707039118,
      0.00022046733647584915,
      0.00024692126316949725,
      0.00010691758507164195,
      8.555591921322048e-05,
      8.443694969173521e-05,
      7.542900129919872e-05,
      9.410525672137737e-05,
      0.02140277624130249,
      0.00012188108667032793
    ]
  },
  "multiclass": {
    "accuracy": [
      0.9800477623939514,
      0.99625563621521,
      0.9960517287254333
    ],
    "val_accuracy": [
      0.9964328408241272,
      0.9964091777801514,
      0.9964091777801514
    ],
    "loss": [
      0.06816703081130981,
      0.006401904858648777,
      0.007947850972414017
    ],
    "val_loss": [
      0.0051770503632724285,
      0.005449475254863501,
      0.005113770719617605
    ]
  }
}